VISIBILITYSTATE,FREQ,TOTAL,PCT
visible,133931529,156330161,0.8567222610357319
hidden,21980435,156330161,0.1406026505659391
partial,418053,156330161,0.0026741672708953455
,144,156330161,9.211274336242768E-7
