VISIBILITYSTATE,FREQ,TOTAL,PCT
visible,799682,989692,0.8080109771524878
hidden,172152,989692,0.17394502532100897
partial,17855,989692,0.018040966280418555
,3,989692,3.031246084640474E-6
