NAVIGATIONTYPE,FREQ,TOTAL,PCT
navigate,137037304,156330161,0.8765890287799294
back forward,12379177,156330161,0.07918610791937968
reload,6516565,156330161,0.041684630517331844
,397115,156330161,0.0025402327833590603
